file,species
17d5e5ac4.png,Loose Silky-bent
53e6e9000.png,Common wheat
089ad62a7.png,Common Chickweed
995c7ab1e.png,Fat Hen
fb022edf9.png,Fat Hen
2df78338c.png,Common Chickweed
e921021a8.png,Fat Hen
241e6935a.png,Cleavers
3fbd0fc6a.png,Common Chickweed
bb7621cb3.png,Fat Hen
c8f50f0c3.png,Common wheat
632156793.png,Cleavers
02cfeb38d.png,Loose Silky-bent
653193c1a.png,Common wheat
cf46d09c5.png,Common Chickweed
d2f422ccb.png,Common Chickweed
7d4cd07ad.png,Common Chickweed
a93f940d6.png,Scentless Mayweed
d8f4923f8.png,Common Chickweed
33317fc2a.png,Sugar beet
dc55449b2.png,Sugar beet
239bdf640.png,Charlock
d2f0f326e.png,Charlock
f3fcfff1b.png,Charlock
48231e475.png,Scentless Mayweed
bffc08672.png,Sugar beet
6bce55e05.png,Cleavers
a3b375b34.png,Loose Silky-bent
c74c5b7fc.png,Charlock
14bb43eee.png,Common wheat
36ed4f215.png,Common Chickweed
39d569be4.png,Loose Silky-bent
19fdf19fb.png,Common wheat
bf66b9cd2.png,Maize
ff65bc002.png,Charlock
ef02b4ee7.png,Sugar beet
824f5d4e5.png,Sugar beet
53ceb4657.png,Shepherds Purse
aad8375e0.png,Charlock
fea355851.png,Loose Silky-bent
e5881dd33.png,Cleavers
cc3d2a59a.png,Cleavers
cfb18d262.png,Shepherds Purse
67e185673.png,Small-flowered Cranesbill
86676d627.png,Fat Hen
279df95f2.png,Sugar beet
dfb1d9012.png,Loose Silky-bent
afcf6abd5.png,Small-flowered Cranesbill
7506c0c02.png,Scentless Mayweed
8c98a6e9b.png,Loose Silky-bent
20ea96bcc.png,Fat Hen
c10ccbd82.png,Shepherds Purse
a8de7c1b7.png,Loose Silky-bent
a2b703e21.png,Small-flowered Cranesbill
9b4800b42.png,Charlock
7f9e9565d.png,Scentless Mayweed
099b961ec.png,Shepherds Purse
c2de6020a.png,Small-flowered Cranesbill
b573b7a56.png,Loose Silky-bent
d93c7ab6d.png,Loose Silky-bent
1d0cbd819.png,Black-grass
1d56351b2.png,Common Chickweed
5b3beec58.png,Loose Silky-bent
17529c555.png,Shepherds Purse
c64370a72.png,Sugar beet
f4e7733d4.png,Small-flowered Cranesbill
33748968f.png,Cleavers
0ee4ad224.png,Shepherds Purse
00ef713a8.png,Common Chickweed
6edc76e7c.png,Fat Hen
3281183f9.png,Scentless Mayweed
8cf2e3e6c.png,Common Chickweed
71e73a8a0.png,Sugar beet
8b9144917.png,Small-flowered Cranesbill
ac75d3326.png,Loose Silky-bent
248436078.png,Cleavers
dd9f36df7.png,Small-flowered Cranesbill
52dc7a4d6.png,Common Chickweed
65e97117e.png,Loose Silky-bent
3dd52bd2a.png,Small-flowered Cranesbill
96f14d90c.png,Sugar beet
1f5e5554e.png,Charlock
8d6991365.png,Common wheat
c0d9e170b.png,Small-flowered Cranesbill
5c3cd7ea2.png,Scentless Mayweed
2d9c798f9.png,Small-flowered Cranesbill
79fba50db.png,Common Chickweed
16467a950.png,Loose Silky-bent
f25996db8.png,Small-flowered Cranesbill
8f523520c.png,Charlock
026716f9b.png,Loose Silky-bent
ef65533d5.png,Loose Silky-bent
c75a82234.png,Scentless Mayweed
7fdb7202d.png,Scentless Mayweed
3fbf1a417.png,Cleavers
0dba99002.png,Sugar beet
d0152bd7c.png,Fat Hen
bea23d9f8.png,Scentless Mayweed
ef7a5651d.png,Scentless Mayweed
7615e52d3.png,Cleavers
a74bf916d.png,Shepherds Purse
3bbef3ecb.png,Scentless Mayweed
6a47821f9.png,Loose Silky-bent
07e62f903.png,Maize
4ea7493d5.png,Sugar beet
b341d0aab.png,Common Chickweed
03e322a29.png,Charlock
cbba27d89.png,Maize
856f2910a.png,Small-flowered Cranesbill
04814f36d.png,Shepherds Purse
258b1183c.png,Charlock
8cfd98117.png,Scentless Mayweed
4bbf1f6ea.png,Fat Hen
d6c8c3c48.png,Small-flowered Cranesbill
79e5ea8fa.png,Common wheat
16fd2e01a.png,Small-flowered Cranesbill
b9062c1c8.png,Sugar beet
61dd2cdc5.png,Cleavers
1be0713da.png,Cleavers
35ebe165c.png,Loose Silky-bent
5a38ac566.png,Loose Silky-bent
23bc8ec4f.png,Common Chickweed
3d65168c2.png,Common Chickweed
71f5323c5.png,Loose Silky-bent
1758a1baf.png,Common Chickweed
c35efa095.png,Scentless Mayweed
2a667e099.png,Fat Hen
a38b8a581.png,Small-flowered Cranesbill
d689256be.png,Cleavers
03566743d.png,Fat Hen
be2499cf4.png,Black-grass
56112b92c.png,Small-flowered Cranesbill
a2c89c367.png,Charlock
e96e57a90.png,Shepherds Purse
e5297b675.png,Loose Silky-bent
7a38416be.png,Charlock
780bd2a2c.png,Sugar beet
8170d33c1.png,Maize
c6c8d4ba0.png,Loose Silky-bent
b026bf8ca.png,Loose Silky-bent
966ae5ad9.png,Loose Silky-bent
1541bdb2e.png,Maize
24d78df74.png,Common Chickweed
116b136de.png,Sugar beet
0c27cf05f.png,Scentless Mayweed
fbf88b6be.png,Charlock
647689543.png,Loose Silky-bent
7691014a1.png,Charlock
539961189.png,Common Chickweed
8a30b2de3.png,Charlock
5ca0205f9.png,Charlock
13b9fa92d.png,Sugar beet
fef2ade8c.png,Sugar beet
b6f3d8b5d.png,Scentless Mayweed
1b490196c.png,Shepherds Purse
6edb96d45.png,Sugar beet
d6d31dcbe.png,Scentless Mayweed
92292055d.png,Common Chickweed
e7077322d.png,Scentless Mayweed
19e58cc5e.png,Common Chickweed
38c054379.png,Small-flowered Cranesbill
f4ad9d950.png,Sugar beet
664194d19.png,Small-flowered Cranesbill
b30ab4659.png,Charlock
270b939cf.png,Common Chickweed
99569b224.png,Common wheat
b6a3f7876.png,Loose Silky-bent
2bd74d2da.png,Black-grass
e88bf0db9.png,Small-flowered Cranesbill
acdb75e00.png,Loose Silky-bent
7b52585da.png,Scentless Mayweed
bf3924a57.png,Common Chickweed
5bdcfa329.png,Loose Silky-bent
f23faf9c1.png,Loose Silky-bent
593896f83.png,Common Chickweed
7b21ba6ba.png,Sugar beet
8455169fe.png,Common wheat
a4b61a4ea.png,Black-grass
98da6ef4e.png,Scentless Mayweed
39858776a.png,Cleavers
1312065a5.png,Small-flowered Cranesbill
5ca2687a4.png,Maize
9df3275da.png,Small-flowered Cranesbill
e5368474f.png,Scentless Mayweed
1376f3b63.png,Black-grass
ac3193f78.png,Common Chickweed
721b2c47a.png,Fat Hen
5ee9d0a5b.png,Loose Silky-bent
64fe8beb9.png,Sugar beet
a254d71f6.png,Loose Silky-bent
59b2c6f2b.png,Common Chickweed
699d3c707.png,Sugar beet
1f290e016.png,Shepherds Purse
37714071b.png,Shepherds Purse
48d97c645.png,Small-flowered Cranesbill
dc4cd56a3.png,Loose Silky-bent
e1a0e3202.png,Loose Silky-bent
78c5fba1d.png,Sugar beet
5dcad9a53.png,Small-flowered Cranesbill
5b3000b9a.png,Maize
b215531dd.png,Cleavers
a7bd7cadb.png,Fat Hen
aecfaed64.png,Shepherds Purse
486e59179.png,Shepherds Purse
5296835a0.png,Small-flowered Cranesbill
756dd5070.png,Common Chickweed
cd5f0db1c.png,Small-flowered Cranesbill
32b42c120.png,Small-flowered Cranesbill
177d7e2a4.png,Common Chickweed
728eabae1.png,Charlock
592473c83.png,Loose Silky-bent
06d12f6fa.png,Shepherds Purse
e14afa235.png,Common wheat
e82017baa.png,Loose Silky-bent
085974290.png,Shepherds Purse
2406d6c99.png,Shepherds Purse
5b63dcc21.png,Common Chickweed
8303b27ed.png,Loose Silky-bent
1d48b7564.png,Loose Silky-bent
e15472085.png,Common Chickweed
3e9f41817.png,Loose Silky-bent
754b1adf8.png,Small-flowered Cranesbill
e4a76885b.png,Maize
0a64e3e6c.png,Common wheat
f4021df6c.png,Fat Hen
5f04aed97.png,Small-flowered Cranesbill
c85ef220d.png,Common Chickweed
4e18ab737.png,Cleavers
3b73c3b61.png,Sugar beet
780defa2e.png,Common Chickweed
00d090cde.png,Scentless Mayweed
b4f7c9214.png,Loose Silky-bent
5779fe8b4.png,Fat Hen
a19c3faca.png,Charlock
e98e5d1d5.png,Black-grass
a8388a37f.png,Fat Hen
0c45ace27.png,Common Chickweed
668c1007c.png,Charlock
7e9cf1c46.png,Common Chickweed
af45e222a.png,Scentless Mayweed
41e07778c.png,Cleavers
8e6ec1ca6.png,Small-flowered Cranesbill
a0f37c726.png,Small-flowered Cranesbill
a006a475c.png,Shepherds Purse
d668409ff.png,Sugar beet
da5255450.png,Common Chickweed
e19673dc9.png,Charlock
4c8005bbc.png,Loose Silky-bent
87608f7aa.png,Charlock
0437393b1.png,Fat Hen
9d3cb4745.png,Common wheat
205df1df3.png,Fat Hen
cfd8165e9.png,Charlock
3526b05cc.png,Scentless Mayweed
fc6f686fb.png,Sugar beet
f8318faf1.png,Shepherds Purse
8104422bb.png,Common Chickweed
3a909ead8.png,Small-flowered Cranesbill
aaf4da98f.png,Sugar beet
78b1bf91a.png,Sugar beet
8a32d0bfa.png,Small-flowered Cranesbill
4f44ca525.png,Common Chickweed
36839d5e9.png,Scentless Mayweed
c0461776c.png,Common Chickweed
043449b0b.png,Cleavers
0c4199daa.png,Loose Silky-bent
3827436f3.png,Common Chickweed
98d819587.png,Shepherds Purse
24dbc3b21.png,Charlock
fc3e58836.png,Charlock
9643fc5f4.png,Charlock
3d67c434b.png,Fat Hen
3efa1f66c.png,Black-grass
cbe761896.png,Charlock
429211ee6.png,Sugar beet
1926e82fd.png,Loose Silky-bent
20e562fd5.png,Fat Hen
c5e419015.png,Shepherds Purse
19b51843a.png,Common Chickweed
91e469b4a.png,Charlock
1821eb11a.png,Shepherds Purse
96ecad7a1.png,Small-flowered Cranesbill
963544aa0.png,Loose Silky-bent
615d2b0a9.png,Charlock
126a71ce0.png,Charlock
592cc5b89.png,Loose Silky-bent
b145ba9d4.png,Scentless Mayweed
b0acaff4a.png,Black-grass
6df8e31ea.png,Charlock
bebcaab66.png,Scentless Mayweed
b47691c08.png,Charlock
521b27a17.png,Loose Silky-bent
1c680883c.png,Common wheat
800a8c17e.png,Fat Hen
456d507c0.png,Cleavers
115f93ecc.png,Loose Silky-bent
0911d3dee.png,Common Chickweed
063363305.png,Small-flowered Cranesbill
03a2ee656.png,Small-flowered Cranesbill
34dd57ca9.png,Loose Silky-bent
d17f48d3b.png,Scentless Mayweed
1cfd91582.png,Charlock
cb496f36e.png,Loose Silky-bent
4049a6ea6.png,Loose Silky-bent
24a058589.png,Charlock
606647f64.png,Common Chickweed
d7017f701.png,Fat Hen
59c6a9f95.png,Fat Hen
219fd68d5.png,Scentless Mayweed
f85ed9b6d.png,Charlock
0ebf8f2f4.png,Maize
fa5fd1384.png,Shepherds Purse
6db684fff.png,Shepherds Purse
c1ecff98b.png,Loose Silky-bent
df11d56a7.png,Charlock
abc331628.png,Common wheat
558aa7deb.png,Loose Silky-bent
6ba4ef411.png,Cleavers
adb7a032c.png,Loose Silky-bent
6be169e41.png,Charlock
d84d37a61.png,Common Chickweed
e9cd91682.png,Common Chickweed
bdde957ec.png,Scentless Mayweed
cadab6616.png,Shepherds Purse
55fed435f.png,Charlock
599691cd9.png,Small-flowered Cranesbill
c7ae30f3a.png,Scentless Mayweed
4287d810c.png,Common Chickweed
97844bfd5.png,Charlock
dabea05f4.png,Loose Silky-bent
43ede9de9.png,Charlock
36d62bf36.png,Common wheat
a85fc8c9a.png,Small-flowered Cranesbill
b3d6fdb80.png,Shepherds Purse
8d6acbe9b.png,Common Chickweed
42e7ed442.png,Shepherds Purse
862b8e7a0.png,Charlock
2b55a2da2.png,Charlock
d515398fd.png,Loose Silky-bent
cf3a8b2fd.png,Loose Silky-bent
809eb0b82.png,Charlock
55a852f40.png,Common Chickweed
466bb6d3b.png,Maize
1bf9b94a6.png,Charlock
770a265f5.png,Small-flowered Cranesbill
2693e5c65.png,Maize
4b032563b.png,Common Chickweed
f33e9d918.png,Shepherds Purse
ae90f2827.png,Common Chickweed
502dff972.png,Small-flowered Cranesbill
4c7838de4.png,Common Chickweed
377283a21.png,Maize
9c8b08a24.png,Loose Silky-bent
0625f063b.png,Common Chickweed
33448fe39.png,Loose Silky-bent
de0b79659.png,Fat Hen
8874bba69.png,Black-grass
b4c3df835.png,Shepherds Purse
e84464f5a.png,Cleavers
37c3108d6.png,Shepherds Purse
9c0c5b731.png,Loose Silky-bent
b39c71707.png,Maize
0f6cbe5e8.png,Maize
da713c465.png,Loose Silky-bent
cec5bf198.png,Cleavers
8bc0261c9.png,Loose Silky-bent
d3331e071.png,Fat Hen
60ee66ddd.png,Cleavers
5bd71f445.png,Common Chickweed
74d810f87.png,Loose Silky-bent
e19ad6ac9.png,Charlock
9326bda1b.png,Common Chickweed
b828443ff.png,Maize
d0cdc768f.png,Common wheat
1d321253f.png,Fat Hen
74fd477eb.png,Common Chickweed
da9ef7858.png,Charlock
4e1190d78.png,Loose Silky-bent
47b7d8e17.png,Small-flowered Cranesbill
8311740de.png,Fat Hen
5bc6595f6.png,Maize
d09d24c58.png,Loose Silky-bent
a8c8a1db0.png,Shepherds Purse
a276c65f7.png,Loose Silky-bent
071cb3ece.png,Sugar beet
8ab8a958b.png,Fat Hen
590f5aea6.png,Charlock
b944a49ca.png,Loose Silky-bent
948cdb277.png,Cleavers
958bb9e96.png,Charlock
60fea2ef6.png,Sugar beet
6d6eb3830.png,Charlock
ce15eee52.png,Charlock
c832e4302.png,Fat Hen
ad12382d4.png,Loose Silky-bent
b7192c70f.png,Common wheat
22fbf13d6.png,Loose Silky-bent
fd925f542.png,Common Chickweed
e5064f6be.png,Cleavers
338c7e907.png,Charlock
c10db7ae2.png,Maize
b5c7fd009.png,Loose Silky-bent
39b740f7e.png,Loose Silky-bent
0885e7690.png,Shepherds Purse
d9c50616e.png,Charlock
7f46a71db.png,Sugar beet
752101fdf.png,Small-flowered Cranesbill
711b46fba.png,Shepherds Purse
f4caf74f9.png,Charlock
b7ad92859.png,Fat Hen
8cf909eb3.png,Charlock
c88ebfb47.png,Small-flowered Cranesbill
edfdb4aeb.png,Scentless Mayweed
df521c0c0.png,Loose Silky-bent
618de3d7a.png,Charlock
d09275360.png,Sugar beet
5e6a237f2.png,Sugar beet
523e5505c.png,Fat Hen
b03397525.png,Loose Silky-bent
3abb502fb.png,Loose Silky-bent
a55d26a4c.png,Common Chickweed
a1da8be3c.png,Maize
46c14fde2.png,Loose Silky-bent
63c07d340.png,Cleavers
f1f7c833f.png,Shepherds Purse
80e299ae9.png,Charlock
31f3dd81f.png,Loose Silky-bent
65e262a6d.png,Charlock
9c32a797e.png,Cleavers
165681fd9.png,Fat Hen
50de8a115.png,Shepherds Purse
37297a64c.png,Common Chickweed
61b044411.png,Black-grass
0d117d910.png,Shepherds Purse
b2706e2b3.png,Common wheat
391dcd7fd.png,Black-grass
686dc7ec8.png,Common wheat
3d38a87bc.png,Scentless Mayweed
e5e3dccff.png,Common wheat
77ccb8b2a.png,Small-flowered Cranesbill
1c52ea820.png,Fat Hen
785a73ab8.png,Shepherds Purse
2126dc71b.png,Common Chickweed
87f627bf9.png,Common Chickweed
a800caead.png,Sugar beet
892e9d6c6.png,Charlock
bd789d151.png,Common Chickweed
fe29629fb.png,Black-grass
caa2fbd79.png,Common Chickweed
c4ed8ed38.png,Charlock
b98327bf4.png,Charlock
6982a9d30.png,Small-flowered Cranesbill
abf8b0772.png,Scentless Mayweed
75cb95e91.png,Charlock
bb64660b7.png,Sugar beet
71334c634.png,Maize
f445fe6fb.png,Charlock
f6d250856.png,Shepherds Purse
589e643b8.png,Shepherds Purse
08d591441.png,Sugar beet
d488a4fe1.png,Common wheat
7c85b0265.png,Loose Silky-bent
a85b48a95.png,Scentless Mayweed
223e4af09.png,Cleavers
851c90831.png,Loose Silky-bent
0086a6340.png,Common Chickweed
4bcdaa5e2.png,Charlock
85431c075.png,Loose Silky-bent
41f1c3cdb.png,Fat Hen
eef131644.png,Black-grass
2ea664465.png,Sugar beet
f1e87cba7.png,Loose Silky-bent
d102e1a15.png,Charlock
d14aa43f3.png,Small-flowered Cranesbill
47f9e5d91.png,Common Chickweed
4e69d100a.png,Small-flowered Cranesbill
659412b1a.png,Loose Silky-bent
69d1669f8.png,Charlock
3eda9cbb6.png,Scentless Mayweed
e1809cef2.png,Scentless Mayweed
5eb9c26a6.png,Black-grass
c0f5d9ac8.png,Small-flowered Cranesbill
e4d5ec761.png,Loose Silky-bent
30ad31220.png,Charlock
dce2f6612.png,Common Chickweed
8e29abce1.png,Shepherds Purse
8b043093d.png,Small-flowered Cranesbill
b31292706.png,Common Chickweed
e52493d0b.png,Cleavers
c7051c902.png,Common Chickweed
0fb233ad6.png,Small-flowered Cranesbill
c5e88cd42.png,Common Chickweed
2dd5cfba9.png,Shepherds Purse
060f1dc84.png,Charlock
2f246d688.png,Small-flowered Cranesbill
cf90fc52d.png,Maize
6dd095129.png,Common Chickweed
2a5064f19.png,Common wheat
599c82eea.png,Scentless Mayweed
446f7da01.png,Common wheat
bb20fce02.png,Shepherds Purse
808cf55c6.png,Fat Hen
9d79a1f0c.png,Small-flowered Cranesbill
9baf94467.png,Sugar beet
122913909.png,Maize
3eebd36c6.png,Charlock
a3d0031fd.png,Loose Silky-bent
b3e08b037.png,Fat Hen
fdea6b119.png,Black-grass
827279bad.png,Charlock
11d3f68ff.png,Loose Silky-bent
406162ef9.png,Charlock
9aa5587fe.png,Loose Silky-bent
17a78fb44.png,Cleavers
506347cfe.png,Charlock
3da774107.png,Fat Hen
ce42adffb.png,Loose Silky-bent
e721c6ac8.png,Black-grass
6908fb540.png,Charlock
a169b71e7.png,Charlock
a935ca110.png,Loose Silky-bent
f0ffa00bd.png,Sugar beet
8db450ce3.png,Common Chickweed
ce3d280eb.png,Common Chickweed
d5f7dd60a.png,Scentless Mayweed
25fa8d109.png,Common wheat
ef74dbcad.png,Scentless Mayweed
e15fce4f2.png,Charlock
c7eb96871.png,Common wheat
bd72d4d8a.png,Shepherds Purse
6049234e6.png,Cleavers
b130a0632.png,Cleavers
56a01b835.png,Cleavers
78750e0ff.png,Charlock
0021e90e4.png,Small-flowered Cranesbill
8e4eaeec0.png,Common Chickweed
76555b064.png,Loose Silky-bent
8a8d6c712.png,Cleavers
4ac29bbf0.png,Common Chickweed
e783f5a4f.png,Sugar beet
9c777333d.png,Shepherds Purse
d350a25fa.png,Common Chickweed
f4234cf4f.png,Fat Hen
808578ed5.png,Charlock
897e5a8de.png,Cleavers
35a90f8d0.png,Sugar beet
5af1d74ee.png,Sugar beet
cc74feadc.png,Black-grass
0d31e6602.png,Small-flowered Cranesbill
0caeda5df.png,Common wheat
f66ae4070.png,Maize
534e74d83.png,Maize
55920f07f.png,Maize
1694a70e4.png,Scentless Mayweed
c50335991.png,Cleavers
3f64c2c1b.png,Common wheat
25a4c427e.png,Loose Silky-bent
6680836dd.png,Cleavers
d41d87796.png,Scentless Mayweed
c069fc3fa.png,Fat Hen
6da892be6.png,Small-flowered Cranesbill
fda0b5c38.png,Common wheat
c7b07431e.png,Scentless Mayweed
3edf5e9ef.png,Black-grass
29ce426a1.png,Common Chickweed
406ecb5c5.png,Charlock
86f08e6d1.png,Fat Hen
32c86784b.png,Common Chickweed
a74d475c2.png,Common Chickweed
d6d80a321.png,Fat Hen
6c874918c.png,Common wheat
98062cd87.png,Shepherds Purse
7beb2766f.png,Shepherds Purse
5883b423d.png,Scentless Mayweed
52a87abe5.png,Fat Hen
5a6bf96f6.png,Maize
c06e7c748.png,Scentless Mayweed
9516e56c4.png,Black-grass
cae684f8f.png,Charlock
5315c2dca.png,Loose Silky-bent
7d22abf91.png,Scentless Mayweed
a2d25b4f3.png,Small-flowered Cranesbill
7cabd68cc.png,Loose Silky-bent
ba3ce6b3e.png,Scentless Mayweed
df7cb5f87.png,Common Chickweed
b1cd2a91e.png,Charlock
bfab3e3d0.png,Charlock
974959ec1.png,Cleavers
d2fd9df40.png,Loose Silky-bent
fda39e16f.png,Loose Silky-bent
b62dca166.png,Fat Hen
8faadb6a8.png,Cleavers
2ff5cb348.png,Sugar beet
fa9f3a8f9.png,Cleavers
4c5ab9b68.png,Cleavers
c60e91e07.png,Loose Silky-bent
54b3afd58.png,Cleavers
9fab816f2.png,Cleavers
3185294c8.png,Scentless Mayweed
24c94a6ca.png,Sugar beet
4a337a4a9.png,Fat Hen
ace8761dd.png,Common Chickweed
837ac0270.png,Fat Hen
29f49cd0b.png,Fat Hen
74068643d.png,Loose Silky-bent
eec1079a1.png,Charlock
4f83143e1.png,Maize
e6f1211a2.png,Cleavers
a8b431a3e.png,Sugar beet
0ae6668fa.png,Loose Silky-bent
a0b393945.png,Small-flowered Cranesbill
007b3da8b.png,Cleavers
90b595f12.png,Common Chickweed
dabe3e5be.png,Small-flowered Cranesbill
a83820a2c.png,Sugar beet
148bbda66.png,Charlock
fe9e87b78.png,Shepherds Purse
8e2e5604e.png,Sugar beet
f48916a8c.png,Scentless Mayweed
ab0f67743.png,Loose Silky-bent
1e095a7e1.png,Small-flowered Cranesbill
3f92d8039.png,Loose Silky-bent
444473900.png,Fat Hen
a1e0a6c02.png,Cleavers
5bbc0a255.png,Common Chickweed
65489944f.png,Small-flowered Cranesbill
a890ac088.png,Charlock
fd87b36ae.png,Black-grass
22e79540f.png,Cleavers
1623fb9e1.png,Sugar beet
03ef36742.png,Scentless Mayweed
eaf0815e2.png,Small-flowered Cranesbill
26852751a.png,Charlock
a8da9c08d.png,Charlock
ffc6f8527.png,Common wheat
f9b6bfb00.png,Cleavers
976e4e079.png,Common Chickweed
a35fd6fbb.png,Common Chickweed
d563be369.png,Fat Hen
dd5ec63d9.png,Sugar beet
c63da993b.png,Sugar beet
8ece6efec.png,Scentless Mayweed
953496deb.png,Cleavers
efe19dc32.png,Charlock
76dbd1054.png,Scentless Mayweed
2f0004a7f.png,Common wheat
a544fc46d.png,Charlock
ab35453cb.png,Cleavers
550a8b7e6.png,Small-flowered Cranesbill
4392d93cf.png,Fat Hen
00c47e980.png,Sugar beet
b687160f5.png,Small-flowered Cranesbill
6a41bf95b.png,Scentless Mayweed
beebe5f4e.png,Scentless Mayweed
4b155fb07.png,Maize
a9d2eab61.png,Black-grass
f593c9cf0.png,Sugar beet
44e8b8833.png,Small-flowered Cranesbill
ec08a5d56.png,Small-flowered Cranesbill
8301b0547.png,Charlock
8dbb8e1b9.png,Charlock
9cce7328c.png,Loose Silky-bent
fadc6adbc.png,Charlock
88ac6df54.png,Loose Silky-bent
a060c1cf8.png,Maize
c5078bac5.png,Black-grass
e80a259c5.png,Small-flowered Cranesbill
05341a8a6.png,Scentless Mayweed
9b9911f20.png,Fat Hen
cd6adba97.png,Small-flowered Cranesbill
b7a7f6390.png,Fat Hen
60f0bc617.png,Small-flowered Cranesbill
20f983a71.png,Fat Hen
23e480e64.png,Shepherds Purse
fea3da57c.png,Sugar beet
c6b76307d.png,Cleavers
88d8a4508.png,Common wheat
1364b297a.png,Cleavers
0c5f6c493.png,Sugar beet
1fefb54b7.png,Fat Hen
82b5f4d33.png,Shepherds Purse
e478c452c.png,Charlock
93d76fd5d.png,Small-flowered Cranesbill
4823c3ffa.png,Scentless Mayweed
66ab0e8d0.png,Charlock
aee6fa3df.png,Loose Silky-bent
65d08b894.png,Sugar beet
e3f50adfc.png,Cleavers
c26ccf73c.png,Common Chickweed
604dd663f.png,Shepherds Purse
59f62ad1d.png,Loose Silky-bent
99036c51d.png,Loose Silky-bent
54c8bb900.png,Charlock
afa446484.png,Charlock
855955aaf.png,Small-flowered Cranesbill
675ec1b0b.png,Small-flowered Cranesbill
ef3e232ad.png,Common Chickweed
5817b766d.png,Shepherds Purse
7f31c7f42.png,Loose Silky-bent
be341dbdc.png,Loose Silky-bent
20817c846.png,Scentless Mayweed
da4ed3a28.png,Charlock
003d61042.png,Fat Hen
3ebbe9ca4.png,Charlock
7d3045fc3.png,Sugar beet
f9ea23fb5.png,Fat Hen
e73e308be.png,Cleavers
e0ec5b6a1.png,Sugar beet
bb1c84bbc.png,Black-grass
fea1d13d6.png,Shepherds Purse
f351ce097.png,Loose Silky-bent
4e9d3765f.png,Charlock
79dafec17.png,Loose Silky-bent
4bbfd1e05.png,Cleavers
55251925f.png,Common Chickweed
73260a4ee.png,Fat Hen
ede6b84b4.png,Cleavers
0ad9e7dfb.png,Maize
835dc5447.png,Small-flowered Cranesbill
1f3f44563.png,Maize
16357b436.png,Black-grass
c0bc3997b.png,Fat Hen
0c51bf229.png,Maize
37e545a60.png,Common Chickweed
969a851be.png,Scentless Mayweed
7696badea.png,Common wheat
0bf7bfb05.png,Common wheat
da231c97f.png,Shepherds Purse
19618ad6a.png,Sugar beet
721be0a4a.png,Loose Silky-bent
39c8fde99.png,Loose Silky-bent
2d992d1fb.png,Loose Silky-bent
79d93bc96.png,Loose Silky-bent
8ca6140ca.png,Loose Silky-bent
26e7ae885.png,Fat Hen
97b2f0a10.png,Small-flowered Cranesbill
8b27bfd2b.png,Small-flowered Cranesbill
410e6f702.png,Small-flowered Cranesbill
9a3f20121.png,Loose Silky-bent
12625488b.png,Fat Hen
59358cd44.png,Small-flowered Cranesbill
172f9b10b.png,Common Chickweed
d01873fdd.png,Loose Silky-bent
e901b0f28.png,Fat Hen
35cf9fa01.png,Shepherds Purse
8a4d3a1b1.png,Loose Silky-bent
060450d79.png,Common Chickweed
48ef6a2ff.png,Cleavers
fba8fc78a.png,Black-grass
2d5058a59.png,Common Chickweed
ef9676433.png,Charlock
fd253a74e.png,Charlock
0e8492cb1.png,Cleavers
490c4f9c8.png,Common wheat
1191ba346.png,Cleavers
d89db156f.png,Small-flowered Cranesbill
67ce3eaa6.png,Small-flowered Cranesbill
cb76a7766.png,Fat Hen
b29339405.png,Loose Silky-bent
8c9953903.png,Fat Hen
288564c76.png,Sugar beet
1459e96a0.png,Charlock
2e86f1085.png,Fat Hen
90d119d25.png,Scentless Mayweed
25cf6eb73.png,Maize
866be78b0.png,Small-flowered Cranesbill
01291174f.png,Fat Hen
1b6a6494d.png,Sugar beet
e9d48d664.png,Charlock
0751c0bbc.png,Sugar beet
24d36c52c.png,Common Chickweed
29bab7cad.png,Common Chickweed
32a8c8a1d.png,Loose Silky-bent
187668bde.png,Scentless Mayweed
71b232519.png,Common wheat
93079d970.png,Charlock
aa7d098d1.png,Common Chickweed
31fcdc161.png,Maize
3f826b318.png,Common Chickweed
1dc7c45df.png,Loose Silky-bent
59e1cea8d.png,Cleavers
f2dc546ca.png,Cleavers
8585f9718.png,Loose Silky-bent
f9f35cbd4.png,Common Chickweed
6b9d6f8c9.png,Sugar beet
e1abb4ff9.png,Sugar beet
dcd7ff249.png,Scentless Mayweed
8e3ed0a25.png,Small-flowered Cranesbill
a5db42f7d.png,Maize
e471f1d3a.png,Charlock
86c309150.png,Cleavers
bb1d1bfd3.png,Charlock
8916793ce.png,Small-flowered Cranesbill
6b721f68e.png,Loose Silky-bent
